GROUP,PACKAGE,CLASS,INSTRUCTION_MISSED,INSTRUCTION_COVERED,BRANCH_MISSED,BRANCH_COVERED,LINE_MISSED,LINE_COVERED,COMPLEXITY_MISSED,COMPLEXITY_COVERED,METHOD_MISSED,METHOD_COVERED
NilaySanghrajka-20JunSoftware1,com.qa.ims.controller,ItemController,69,43,0,2,17,12,3,5,3,4
NilaySanghrajka-20JunSoftware1,com.qa.ims.controller,Action,33,83,2,0,9,8,3,3,2,3
NilaySanghrajka-20JunSoftware1,com.qa.ims.controller,CustomerController,2,105,0,2,1,28,1,7,1,6
NilaySanghrajka-20JunSoftware1,com.qa.ims.controller,OrderController,88,43,0,2,21,12,3,5,3,4
NilaySanghrajka-20JunSoftware1,com.qa.ims,Ims,211,37,17,2,53,8,16,4,4,3
NilaySanghrajka-20JunSoftware1,com.qa.ims,Runner,14,0,0,0,5,0,3,0,3,0
NilaySanghrajka-20JunSoftware1,com.qa.ims.persistence.dao,ItemDaoMysql,203,107,2,0,33,36,3,8,2,8
NilaySanghrajka-20JunSoftware1,com.qa.ims.persistence.dao,OrderDaoMysql,215,107,2,0,34,36,3,8,2,8
NilaySanghrajka-20JunSoftware1,com.qa.ims.persistence.dao,CustomerDaoMysql,203,107,2,0,33,36,3,8,2,8
NilaySanghrajka-20JunSoftware1,com.qa.ims.services,ItemServices,0,28,0,0,0,8,0,5,0,5
NilaySanghrajka-20JunSoftware1,com.qa.ims.services,OrderServices,0,28,0,0,0,8,0,5,0,5
NilaySanghrajka-20JunSoftware1,com.qa.ims.services,CustomerServices,0,28,0,0,0,8,0,5,0,5
NilaySanghrajka-20JunSoftware1,com.qa.ims.utils,Utils,9,0,0,0,2,0,2,0,2,0
NilaySanghrajka-20JunSoftware1,com.qa.ims.persistence.domain,Order,6,176,1,31,3,48,2,25,1,10
NilaySanghrajka-20JunSoftware1,com.qa.ims.persistence.domain,Domain,33,72,2,0,9,9,3,3,2,3
NilaySanghrajka-20JunSoftware1,com.qa.ims.persistence.domain,Item,4,139,2,22,1,40,2,19,0,9
NilaySanghrajka-20JunSoftware1,com.qa.ims.persistence.domain,Customer,0,175,0,30,0,48,0,26,0,11
